slug,name,facet,self,others,others_masked,blend,flag,lock,self_note,others_note
"afc-wimbledon","AFC Wimbledon",time,0,0,yes,0.00,,,"",""
"afc-wimbledon","AFC Wimbledon",philosophy,0.6,0.6,no,0.60,review,,"Fixed philosophy is democratic ownership and community control.","A living argument against relocation and for supporter-led institutions."
"arsenal","Arsenal",time,0.3,0.3,no,0.30,review,,"Heritage symbols with an explicitly modern stadium, training ground and academy.","Emirates read as the shift from intimate Highbury to a commercially ambitious era."
"arsenal","Arsenal",philosophy,0.3,-0.3,no,0.06,,,"Stresses continuity, culture and a recognisable style.","Regarded as more pragmatic than its romantic image, especially in recruitment."
"aston-villa","Aston Villa",time,0,0,yes,0.00,,,"",""
"aston-villa","Aston Villa",philosophy,-0.3,-0.3,no,-0.30,,,"Long-term planning with a demand to compete immediately.","Pragmatic and adaptable rather than rigidly ideological."
"barnsley","Barnsley",time,0.3,0,yes,0.30,,,"Oakwell investment planning indicates a future-facing dimension tied to the stadium.",""
"barnsley","Barnsley",philosophy,0,0,yes,0.00,,,"No reliable evidence found.",""
"birmingham-city","Birmingham City",time,0,0,yes,0.00,,,"",""
"birmingham-city","Birmingham City",philosophy,0.3,0,yes,0.30,,,"Keep Right On as a philosophy of persistence more than a football doctrine.",""
"blackburn-rovers","Blackburn Rovers",time,-0.3,-0.3,no,-0.30,,,"Reverence for history with a forward objective of proper governance.","Framed as living between 1990s glory and a present that demands repair."
"blackburn-rovers","Blackburn Rovers",philosophy,0.3,0,yes,0.30,,,"Enduring philosophy in supporter material is custodianship.",""
"blackpool","Blackpool",time,0,-0.3,no,-0.30,,,"","Pulled between Matthews nostalgia and a sustainable modern operation."
"blackpool","Blackpool",philosophy,0.6,0.6,no,0.60,review,,"Independent supporter representation and community-minded governance.","Consistent identity is institutional: supporters who organised against ownership failure."
"bolton-wanderers","Bolton Wanderers",time,0,-0.3,no,-0.30,,,"","Caught between Allardyce memory and the practical demands of rebuilding."
"bolton-wanderers","Bolton Wanderers",philosophy,0.3,0,yes,0.30,review,,"Rebuilding and durable governance are the clearest long-term themes.",""
"bournemouth","AFC Bournemouth",time,0.3,0.6,no,0.42,review,,"Retain local symbols and Dean Court while modernising facilities and commercial operations.","A contemporary leap rather than a heritage-led institution; preserving intimacy is the challenge."
"bournemouth","AFC Bournemouth",philosophy,0.3,0,yes,0.30,,,"Remain ambitious while retaining the togetherness of a smaller club.",""
"bradford-city","Bradford City",time,-0.3,-0.3,no,-0.30,,,"Historical protection linked with long-term planning for Valley Parade.","1985 creates a memorial culture; promotion and stadium debates orient toward rebuilding."
"bradford-city","Bradford City",philosophy,0.6,0.3,no,0.48,review,,"Democratic stewardship and protection of the stadium as a community asset.","Adaptable on the pitch; a large city club seeking to match fanbase and stadium with a higher league."
"brentford","Brentford",time,0.6,0.6,no,0.60,review,,"Protect the Bees identity while embracing a modern ground, analytics and diversified investment.","Modern football's future-facing side; Griffin Park nostalgia still sets limits."
"brentford","Brentford",philosophy,-0.6,-1,no,-0.76,,,"Flexible rather than doctrinaire: use evidence, adapt, fit Brentford's circumstances.","One of the clearest operational philosophies in English football: a data-first approach."
"brighton","Brighton & Hove Albion",time,0.6,0.6,no,0.60,,,"Modernised stadium, training, recruitment and digital operations while keeping the Seagull story.","Exemplar of modern administration; most powerful tradition is the recent fan struggle."
"brighton","Brighton & Hove Albion",philosophy,-0.3,-0.6,no,-0.42,,,"Continuous improvement: innovate, learn and avoid standing still.","A coherent data-led organisational model under Bloom."
"bristol-city","Bristol City",time,0.3,0.3,no,0.30,,,"Preserve robin and West Country culture while using Ashton Gate redevelopment to modernise.","Carefully modernised; open question whether infrastructure creates sporting transformation."
"bristol-city","Bristol City",philosophy,-0.3,-0.3,no,-0.30,,,"Sustainable ambition: grow the club without jeopardising the long-term future.","Sensible philosophy that can become a ceiling."
"bromley","Bromley",time,0,0.6,no,0.60,review,,"No reliable evidence found.","Strongly forward-looking; tension between rapid growth and Hayes Lane intimacy."
"bromley","Bromley",philosophy,0,-0.3,no,-0.30,,,"No reliable evidence found.","Developmental: improve facilities, professionalise, grow crowds, raise the level."
"burton-albion","Burton Albion",time,0.6,0.3,no,0.48,,,"Official language explicitly casts the takeover as a new era.","Between the Robinson legacy and Nordic-led modernisation."
"burton-albion","Burton Albion",philosophy,-0.3,0.3,no,-0.06,,,"Takeover introduced a more explicitly structured football operation.","Moving from paternal local ownership toward a modern multi-investor model."
"cambridge-united","Cambridge United",time,-0.3,-0.3,no,-0.30,,,"Historical rescue as a guide to future protection.","Abbey Stadium and supporter-rescue history anchor the past."
"cambridge-united","Cambridge United",philosophy,0.6,0.3,no,0.48,,,"Supporter participation so the club cannot drift from its community.","Adaptive, focused on sustainable EFL status."
"charlton-athletic","Charlton Athletic",time,-0.6,-0.6,no,-0.60,,,"Protects The Valley and local traditions.","The Valley's return is the key modern tradition."
"charlton-athletic","Charlton Athletic",philosophy,0.6,0.3,no,0.48,review,,"Community-first football: protect The Valley, develop people.","Identity stable because supporters were stable, not the corporate leadership."
"chelsea","Chelsea",time,0.6,0.6,no,0.60,,,"Forward-looking: young players, performance systems and facilities.","Restless rather than simply modernising; repeatedly unsettling its own present."
"chelsea","Chelsea",philosophy,-0.3,0,yes,-0.30,,,"Claims a long-term football operation focused on development and infrastructure.",""
"coventry-city","Coventry City",time,0,0,yes,0.00,,,"",""
"coventry-city","Coventry City",philosophy,0.3,0.3,no,0.30,,,"A club reborn: secure the home, reconnect with supporters and compete.","Clearer direction under Doug King, still fragile until finances settle."
"crystal-palace","Crystal Palace",time,0,0,yes,0.00,,,"",""
"crystal-palace","Crystal Palace",philosophy,0.3,0,yes,0.30,,,"Independence and Selhurst feeling as the idea.",""
"derby-county","Derby County",time,-0.3,-0.3,no,-0.30,,,"Preserve ram, Bloomer and Clough heritage while rebuilding.","Recovery from recent history rather than simple modernisation."
"derby-county","Derby County",philosophy,0.3,0.3,no,0.30,review,,"Renewal through responsibility: repair the books, own the stadium, compete.","Rescue credited to Clowes, vulnerable because it depends on one owner."
"doncaster-rovers","Doncaster Rovers",time,0,0,yes,0.00,,,"",""
"doncaster-rovers","Doncaster Rovers",philosophy,0.6,0.3,no,0.48,review,,"Collective vigilance as the philosophy.","Treat every revival as precious."
"everton","Everton",time,0,-0.3,no,-0.30,,,"","Emotional authority still comes from Goodison even as the future depends on a new ground."
"everton","Everton",philosophy,0.3,0,yes,0.30,,,"Aspiration is restoration of character as well as competitiveness.",""
"fulham","Fulham",time,0,0.3,no,0.30,review,,"","Premium modernisation of an old ground."
"fulham","Fulham",philosophy,0.3,0,yes,0.30,,,"Continuity over grandiosity.",""
"huddersfield-town","Huddersfield Town",time,0,0,yes,0.00,,,"No reliable evidence found.",""
"huddersfield-town","Huddersfield Town",philosophy,0,0,yes,0.00,,,"No reliable evidence found.",""
"hull-city","Hull City",time,0,0,yes,0.00,,,"",""
"hull-city","Hull City",philosophy,0.3,0,yes,0.30,review,,"City pride and involvement as the idea.",""
"ipswich-town","Ipswich Town",time,0,0.3,no,0.30,review,,"","Uses history productively; stadium and academy plans translate heritage into modern capability."
"ipswich-town","Ipswich Town",philosophy,-0.3,-0.3,no,-0.30,,,"Ambitious but grounded: facilities, intelligent recruitment, coaching, stay connected.","Coherent project under McKenna and Ashton; 2026 departure exposed over-association with one manager."
"leeds-united","Leeds United",time,-0.3,-0.3,no,-0.30,,,"Elland Road and the march as tradition.","Living between Revie memory and another rise."
"leeds-united","Leeds United",philosophy,0.6,0.3,no,0.48,review,,"Not one formation but a demand to march together.","Drama of rise and fall as the outside idea."
"leicester-city","Leicester City",time,0,0.3,no,0.30,,,"No reliable evidence found.","Lives between a modern miracle and longer regional tradition; King Power era infrastructure."
"leicester-city","Leicester City",philosophy,0,-0.3,no,-0.30,,,"No reliable evidence found.","Adaptable rather than doctrinaire; later eras varied by manager."
"leyton-orient","Leyton Orient",time,0,0.3,no,0.30,,,"","A possible stadium move points forward."
"leyton-orient","Leyton Orient",philosophy,0.6,0.3,no,0.48,,,"Supporter voice and community connection.","Survival turned into American-backed ambition."
"lincoln-city","Lincoln City",time,0,0.3,no,0.30,,,"","Strongest tradition may be recent: the supporter-led revival after instability."
"lincoln-city","Lincoln City",philosophy,0.3,0,no,0.18,,,"Stewardship: treat football as a shared asset for future supporters.","Stewardship seen as genuine, with a sceptical question about Championship economics."
"liverpool","Liverpool",time,-0.3,0,yes,-0.30,,,"Anfield, memory and the anthem as tradition.",""
"liverpool","Liverpool",philosophy,0.6,0.3,no,0.48,,,"You'll Never Walk Alone as the philosophy.","Local moral identity remains the distinctive power."
"luton-town","Luton Town",time,-0.3,-0.3,no,-0.30,,,"Protections preserve historic symbols while the trajectory points to a future stadium.","Old ground cherished; a new stadium long needed."
"luton-town","Luton Town",philosophy,0.6,0.3,no,0.48,,,"Core identity cannot be changed casually by owners.","Adaptable and pragmatic while retaining identity."
"manchester-city","Manchester City",time,0.6,1,no,0.76,,,"Strongly forward-facing: campus, digital, new facilities, modern methodology.","Modern football's most future-oriented English institution."
"manchester-city","Manchester City",philosophy,-0.6,-0.6,no,-0.60,,,"Coherent model across operations, facilities, analytics and style.","Coherent philosophy that critics say depends on resource concentration."
"manchester-united","Manchester United",time,0,0,yes,0.00,,,"",""
"manchester-united","Manchester United",philosophy,0.3,0,yes,0.30,review,,"Continuity around attacking football, youth and high standards.",""
"mansfield-town","Mansfield Town",time,0.3,-0.3,no,0.06,,,"Amber Day as a forward-looking use of history: recovering the ground as future security.","Field Mill's historical continuity is central."
"mansfield-town","Mansfield Town",philosophy,0,-0.3,no,-0.30,,,"","Continuity: long-term ownership, stadium control, Clough's sustained managerial period."
"middlesbrough","Middlesbrough",time,0,0,yes,0.00,,,"",""
"middlesbrough","Middlesbrough",philosophy,0.3,0,yes,0.30,,,"Sustainable ambition: compete hard, develop people, retain links with Teesside.",""
"millwall","Millwall",time,-0.3,0,yes,-0.30,,,"Preserve the Den and Bermondsey identity while using redevelopment to stay.",""
"millwall","Millwall",philosophy,0.3,0.3,no,0.30,,,"Preserve community roots, be hard to beat and build slowly rather than chase glamour.","Confrontational self-image can make change difficult."
"milton-keynes-dons","Milton Keynes Dons",time,0.6,0.6,no,0.60,review,,"Future-oriented identity built around a young city.","Modern by origin, stadium and city; cannot escape the legitimacy argument."
"milton-keynes-dons","Milton Keynes Dons",philosophy,-0.3,0,yes,-0.30,,,"Use the football club and its charity to serve Milton Keynes.",""
"newcastle-united","Newcastle United",time,0,0.3,no,0.30,,,"","2026 crest debate: club sees evolution, supporters fear commercial simplification."
"newcastle-united","Newcastle United",philosophy,0.3,0,yes,0.30,,,"Grow into one of football's best clubs without losing its local soul.",""
"norwich-city","Norwich City",time,0,0.3,no,0.30,,,"","Heritage versus institutional change; new model alters local control."
"norwich-city","Norwich City",philosophy,0.3,0,yes,0.30,,,"Community-centred development combined with attractive, ambitious football.",""
"nottingham-forest","Nottingham Forest",time,0,0.3,no,0.30,review,,"","Stadium plans: expand without losing riverside intimacy."
"nottingham-forest","Nottingham Forest",philosophy,0.3,0,yes,0.30,,,"Continuity with historic values while modernising infrastructure.",""
"notts-county","Notts County",time,0,-0.3,no,-0.30,,,"No reliable evidence found.","Victorian heritage joined to contemporary analytics."
"notts-county","Notts County",philosophy,0,-0.3,no,-0.30,,,"No reliable evidence found.","Attempting to replace crisis management with data-led planning."
"oxford-united","Oxford United",time,0.3,0.6,no,0.42,,,"Humble amateur origins connected with continued development through different grounds.","Forward-looking new-stadium project; Kassam tenancy never fully became an owned home."
"oxford-united","Oxford United",philosophy,-0.3,0,yes,-0.30,,,"Official material stresses progress and building a sustainable Championship club.",""
"peterborough-united","Peterborough United",time,0,0.6,no,0.60,,,"No reliable evidence found.","More forward-facing than heritage-bound; commercial agility over century-old mythology."
"peterborough-united","Peterborough United",philosophy,0,0.3,no,0.30,,,"No reliable evidence found.","Play positively, develop saleable players, remain commercially agile."
"plymouth-argyle","Plymouth Argyle",time,-0.6,0.3,no,-0.24,,,"Historical preservation strongly emphasised through the Argyle Archive.","Home Park redevelopment is future-facing; Pilgrims identity depends on South West character."
"plymouth-argyle","Plymouth Argyle",philosophy,0.3,0,yes,0.30,,,"Argyle Archive reflects a commitment to historical stewardship.",""
"portsmouth","Portsmouth",time,-0.3,0,yes,-0.30,,,"Protect Fratton Park and naval symbols while investing in a more sustainable future.",""
"portsmouth","Portsmouth",philosophy,0.3,-0.3,no,0.06,,,"Sustainable progress, preserve Fratton Park, keep supporters central.","Post-trust stability praised; past proves ambition can outrun resources."
"preston-north-end","Preston North End",time,0,-0.6,no,-0.60,,,"No reliable evidence found.","Strongly tradition-conscious; challenge is translating heritage into a modern identity."
"preston-north-end","Preston North End",philosophy,0,-0.3,no,-0.30,,,"No reliable evidence found.","Historical stewardship combined with pragmatic competition."
"queens-park-rangers","Queens Park Rangers",time,0,-0.6,no,-0.60,,,"","Nostalgic and place-based, centred on a small old ground."
"queens-park-rangers","Queens Park Rangers",philosophy,0,0,yes,0.00,,,"",""
"reading","Reading",time,0,0.3,no,0.30,,,"","Modern stadium and past Premier League ambition sit with the need to restore basic stability."
"reading","Reading",philosophy,0.6,0.3,no,0.48,review,,"Accountable governance: protect the club through representation and sustainable ownership.","Adaptive on the pitch but lacking stable strategy under former ownership; Couhig a chance to restore it."
"sheffield-united","Sheffield United",time,-0.3,-0.3,no,-0.30,,,"Bramall Lane and industrial heritage presented as enduring.","Heritage and uncertainty: Bramall Lane an anchor under ownership instability."
"sheffield-united","Sheffield United",philosophy,0.3,0,yes,0.30,,,"Hard work, local connection and intelligent competitive football.",""
"sheffield-wednesday","Sheffield Wednesday",time,0,-0.6,no,-0.60,,,"","Historic weight is a strength and a burden."
"sheffield-wednesday","Sheffield Wednesday",philosophy,0.6,0,yes,0.60,,,"Democratic governance and fan voice.",""
"stevenage","Stevenage",time,0.6,0.6,no,0.60,,,"Forward-looking civic purpose for a developing town.","Modern by origin; constructing tradition as the club grows."
"stevenage","Stevenage",philosophy,-0.3,-0.3,no,-0.30,,,"Using the club's position to sustain community activity and local opportunity.","Adaptable and operationally pragmatic against larger clubs."
"stockport-county","Stockport County",time,0.3,0.3,no,0.30,,,"Connects the supporter-rescue era to the competitive future.","Hatters nickname and Edgeley Park preserve history while owner investment pulls forward."
"stockport-county","Stockport County",philosophy,0.3,0.3,no,0.30,,,"Recent history as competitive rebuilding after supporter-led rescue.","A pragmatic growth project: investment, infrastructure and ambitious recruitment."
"stoke-city","Stoke City",time,0,-0.3,no,-0.30,,,"No reliable evidence found.","Ownership change suggests modernisation; cultural pull remains local tradition."
"stoke-city","Stoke City",philosophy,0,0.3,no,0.30,,,"No reliable evidence found.","Adaptive: robust Premier League pragmatism, then attempts to find a route back."
"sunderland","Sunderland",time,-0.3,-0.3,no,-0.30,,,"Uses Roker Park memory and Stadium of Light while presenting a new chapter.","Recovering by reconnecting with tradition rather than escaping it."
"sunderland","Sunderland",philosophy,0.3,0.3,no,0.30,,,"Purposeful growth: historical weight rebuilding through hunger, development and unity.","More coherent under Louis-Dreyfus; question whether the model holds under Premier League pressure."
"swansea-city","Swansea City",time,0,0.3,no,0.30,review,,"","Vetch to new stadium, American investment coexist with a supporter-led past."
"swansea-city","Swansea City",philosophy,0.6,0.3,no,0.48,,,"Supporters should have a durable voice; the club should serve Swansea and its community.","Style, planning and coherence allowing a smaller Welsh club to compete above its level."
"tottenham-hotspur","Tottenham Hotspur",time,0.3,0.6,no,0.42,,,"Cockerel and motto endure while the stadium project embodies the future.","Stadium admired as modern infrastructure; some fans fear it displaced the old communal ground."
"tottenham-hotspur","Tottenham Hotspur",philosophy,0.6,0,yes,0.60,,,"A fixed belief in daring football and collective momentum.",""
"watford","Watford",time,0,0.3,no,0.30,,,"","Traditional community identity versus a modern owner-led football-business model."
"watford","Watford",philosophy,0.3,-0.3,no,0.06,review,,"Investment case framed Watford as undergoing transformation under Pozzo and Duxbury.","Flexible but unstable: adapt personnel quickly and accept rapid managerial intervention."
"west-bromwich-albion","West Bromwich Albion",time,-0.3,-0.3,no,-0.30,,,"Preserve the throstle, stripes and Hawthorns traditions while modernising operations.","History strong enough to survive transition; future depends on learning from financial failures."
"west-bromwich-albion","West Bromwich Albion",philosophy,-0.3,-0.3,no,-0.30,,,"Steady, sustainable progression rooted in local identity.","Break between the ideal and the reality inherited from old ownership."
"west-ham-united","West Ham United",time,-0.3,-0.3,no,-0.30,,locked,"Preserve Ironworks symbols and Boleyn memories while operating from a major modern stadium.","Upton Park authenticity versus London Stadium commercial scale and contested public funding."
"west-ham-united","West Ham United",philosophy,0.3,-0.3,no,0.06,review,locked,"Continuity around heritage, attacking football and community connection.",""
"wigan-athletic","Wigan Athletic",time,0,0.3,no,0.30,,,"No reliable evidence found.","Modern rather than tradition-bound; rise and fall still within living memory."
"wigan-athletic","Wigan Athletic",philosophy,0,0,yes,0.00,,,"No reliable evidence found.",""
"wycombe-wanderers","Wycombe Wanderers",time,0,0,yes,0.00,,,"",""
"wycombe-wanderers","Wycombe Wanderers",philosophy,0.6,0.3,no,0.48,,,"Values-driven stewardship, heritage protection and supporter influence.","A hybrid: private investment in the club alongside fan ownership of the stadium."
"cardiff-city","Cardiff City",time,-0.3,-0.3,no,-0.30,,,"125th-anniversary messaging reaches back to Riverside AFC.","Caught between historical blue symbolism and commercial modernisation; red-to-blue reversal."
"cardiff-city","Cardiff City",philosophy,0.6,0,yes,0.60,,,"The club must listen to and remain connected with its fanbase.",""
"alaves","Deportivo Alavés",time,-0.3,0.3,no,-0.06,,,"Contemporary design reinforces, rather than replaces, historic city identity.","Careful modernisation without trying to become an international entertainment property."
"alaves","Deportivo Alavés",philosophy,0.3,0.3,no,0.30,,,"Represent Vitoria-Gasteiz with humility and determination.","Civic representation is fixed; playing style shifts with coaches and division."
"athletic-bilbao","Athletic Club",time,-0.6,-0.6,no,-0.60,,,"Tradition is a living responsibility: modern operations should preserve inherited values.","Proof that heritage can function as a genuine sporting operating model rather than a marketing layer."
"athletic-bilbao","Athletic Club",philosophy,-0.6,-0.6,no,-0.60,,,"The philosophy is fixed because it expresses identity; managers can evolve without compromising it.","Greatest point of difference and a self-imposed limit. Real Sociedad abandoned a similar restriction."
"atletico-madrid","Atlético Madrid",time,0.3,-0.3,no,0.06,,,"Heritage and future compatible: historic crest restored while continuing to modernise.","Supporters may accept modernisation but not at the expense of recognisable tradition."
"atletico-madrid","Atlético Madrid",philosophy,0.3,-0.3,no,0.06,,,"Commitment to the badge, collective work and competitive edge, not one unchanging formation.","Simeone's long tenure has made the club seem more philosophically stable than most elite sides."
"barcelona","FC Barcelona",time,0.3,0.3,no,0.30,,,"Tradition and modernisation compatible: history, youth education, digital growth, stadium renewal.","Tension between preserving a historic civic institution and monetising it like entertainment."
"barcelona","FC Barcelona",philosophy,-0.6,0.3,no,-0.24,,,"Playing idea, member democracy and social values treated as durable principles.","Fixed in aspiration but adaptive in practice; finance, coaches and pressure force compromises."
"celta-vigo","Celta Vigo",time,-0.3,0.3,no,-0.06,,,"Future-facing brand renewal as a return to roots, not a departure.","Sophisticated use of heritage for differentiation in a modern football market."
"celta-vigo","Celta Vigo",philosophy,0.3,0.3,no,0.30,,,"Courage, Vigo and Galicia are fixed; the sporting method can evolve.","Cultural identity more stable than tactics; celtismo persists across coaches."
"deportivo-la-coruna","Deportivo La Coruña",time,-0.3,-0.6,no,-0.42,,,"Guards historic symbols and memories while rebuilding for a new generation.","Caught between nostalgia and the need for a sustainable post-peak identity."
"deportivo-la-coruna","Deportivo La Coruña",philosophy,0.3,0.3,no,0.30,,,"City pride, history and the belief that Deportivo belong at a higher level.","Tension between elite self-memory and changing sporting and financial realities."
"elche","Elche CF",time,-0.3,-0.3,no,-0.30,,,"Return of the full green stripe: modernise without compromising the traditional visual code.","Strongest modernisation works when it restores rather than replaces local symbolism."
"elche","Elche CF",philosophy,0.3,0.3,no,0.30,,,"Local representation and the permanence of the franjiverde identity are the fixed principles.","Cultural philosophy stronger than any consistent tactical one."
"espanyol","RCD Espanyol",time,0.3,0.3,no,0.30,,,"Identity update combines roots, heritage and contemporary visual renewal.","Trying to modernise without losing symbols that distinguish it from Barcelona's larger culture."
"espanyol","RCD Espanyol",philosophy,0.3,0.3,no,0.30,,,"Blue-and-white identity, heritage and commitment to Barcelona from a different perspective.","Culture clearer than footballing philosophy; tactical identity changes more than the emotional one."
"getafe","Getafe CF",time,0.6,0.6,no,0.60,,,"A modern side making itself permanent in elite football.","A product of contemporary Spanish football rather than historic nostalgia."
"getafe","Getafe CF",philosophy,0.3,0.6,no,0.42,,,"Adapt to the opponent, protect the club's level and compete relentlessly.","Pragmatism is the defining label: style bends to the fixture and the season."
"girona","Girona",time,0.6,0.3,no,0.48,,,"2017 as year zero of the modern club.","2026 as the correction."
"girona","Girona",philosophy,0,-0.6,no,-0.60,,,"","Philosophy is CFG."
"granada","Granada CF",time,0.3,0.6,no,0.42,,,"The European year.","Segunda as the present."
"granada","Granada CF",philosophy,0.3,0.3,no,0.30,,,"Granada first.","The SAD."
"las-palmas","UD Las Palmas",time,-0.3,0.3,no,-0.06,,,"1949, the Primera years.","2026 as another year off the map."
"las-palmas","UD Las Palmas",philosophy,-0.6,0.3,no,-0.24,,,"Canarian first.","The island and Ramírez."
"levante","Levante UD",time,-0.6,-0.6,no,-0.60,,,"Preserve the linked stories of Levante FC and Gimnástico FC.","Tradition-conscious; old-riverbed and frog mythology carry more meaning than corporate rebranding."
"levante","Levante UD",philosophy,0.3,0.3,no,0.30,,,"Local belonging, humility and granota identity.","Pragmatically flexible on football matters, culturally consistent in the non-dominant tradition."
"malaga","Málaga CF",time,0.3,0.3,no,0.30,,,"Looks forward through rebuilding but keeps the European era as proof of what Málaga can be.","Tension between nostalgia for the peak and the need to avoid repeating the model that preceded collapse."
"malaga","Málaga CF",philosophy,0.3,-0.3,no,0.06,review,,"Rebuild with the city, protect the club and restore competitiveness.","Corrective: less glamour, more sustainability; survival itself is an achievement."
"mallorca","RCD Mallorca",time,-0.3,0.6,no,0.06,,,"1916, 2003.","2016 US arrival as the living present."
"mallorca","RCD Mallorca",philosophy,0.3,0.3,no,0.30,,,"Mallorca first.","The US deed plus the island stand."
"osasuna","CA Osasuna",time,-0.3,0.3,no,-0.06,,,"The name, colours, stadium identity and local purpose as durable anchors.","Traditional in emotional identity but able to modernise commercially when required."
"osasuna","CA Osasuna",philosophy,0.3,0.3,no,0.30,,,"Work, humility and regional representation are fixed; tactics can adapt.","Pragmatic: competitive spirit more than one tactical system."
"racing-santander","Racing Santander",time,-0.3,-0.3,no,-0.30,,,"Heritage through colours, El Sardinero, songs and collective memory of resistance.","A club that has turned recent hardship into heritage; 2014 as a reference point."
"racing-santander","Racing Santander",philosophy,0.6,0.6,no,0.60,review,,"Racinguismo: club, people and Cantabria bound together.","Clearest philosophy is social rather than tactical; collective ownership of meaning survived formal ownership changes."
"rayo-vallecano","Rayo Vallecano",time,-0.6,-0.3,no,-0.48,,,"The centenary emphasised continuity: the sash, bolt and neighbourhood rather than reinvention.","Admired as traditional and authentic, though La Liga survival pushes toward modern structures."
"rayo-vallecano","Rayo Vallecano",philosophy,0.6,0.3,no,0.48,,,"Vallecas pride and dignity are fixed; sporting methods can change.","Stable supporter identity distinguished from a hierarchy that can be more pragmatic."
"real-betis","Real Betis",time,-0.3,0.3,no,-0.06,,,"Protect traditional language and symbols while modernising facilities and matchday experience.","Temporary move to La Cartuja during redevelopment: the old ground remains central to identity."
"real-betis","Real Betis",philosophy,0.6,0.3,no,0.48,,,"Emotional belonging and the green-and-white way of life are fixed; tactics can change.","Remarkably stable supporter identity with a pragmatic sporting model beneath it."
"real-madrid","Real Madrid",time,0.3,0.3,no,0.30,,,"Tradition and innovation complementary: historic crest and white shirt with a technologically modern stadium.","Exceptionally skilled at monetising heritage without relinquishing it."
"real-madrid","Real Madrid",philosophy,-0.6,-0.3,no,-0.48,,,"The fixed principle is excellence and winning; the method changes with the squad and the moment.","Adaptability treated as a strength: can reconfigure around managers, generations and decisive individuals."
"real-sociedad","Real Sociedad",time,0.3,0.3,no,0.30,,,"Joining past, present and future through youth, tradition and continued ambition.","A modern sporting institution that uses advanced player development without detaching from its culture."
"real-sociedad","Real Sociedad",philosophy,-0.3,-0.3,no,-0.30,,,"Values are fixed: humility, respect, commitment and youth, while football evolves.","Coherent but not rigid: local development protected, external recruitment accepted when it improves the side."
"real-valladolid","Real Valladolid",time,-0.3,0.3,no,-0.06,,,"1928.","The Ronaldo years as the file the world kept."
"real-valladolid","Real Valladolid",philosophy,0.3,0.3,no,0.30,,,"Pucela.","Whoever holds the SAD."
"sevilla","Sevilla FC",time,0.3,0.3,no,0.30,,,"Heritage and European era as the living present.","European era as the standard the present is measured against."
"sevilla","Sevilla FC",philosophy,0.3,0.3,no,0.30,,,"City pride and high standards; method can change.","Pragmatic sporting model beneath sevillismo."
"valencia","Valencia CF",time,-0.6,-0.3,no,-0.48,,,"Mestalla as the historic home where most of the club's memory sits.","Heritage used as the argument against the present owner."
"valencia","Valencia CF",philosophy,0.3,0.3,no,0.30,,,"City pride and communal memory as the fixed idea.","The live question is who decides the club's future."
"villarreal","Villarreal CF",time,0.3,0.3,no,0.30,,,"From a long lower-division history to a durable European-level presence.","Modern European presence more than inherited trophy depth."
"villarreal","Villarreal CF",philosophy,-0.3,-0.3,no,-0.30,,,"Local heart with brave football and global ambition.","A privately controlled success story rather than a member-led civic institution."
"ac-milan","AC Milan",time,-0.3,0.3,no,-0.06,,,"From Kilpin through Sacchi as the inherited line.","Protests show global reach has not erased local football culture."
"ac-milan","AC Milan",philosophy,0.3,0.3,no,0.30,review,,"Rossoneri legacy as the method.","Adaptive under fund ownership."
"atalanta","Atalanta",time,0.3,0.3,no,0.30,,,"Crest as a link between past and future.","Modern project layered on a local club."
"atalanta","Atalanta",philosophy,-0.3,-0.3,no,-0.30,,,"Hard work as the fixed idea.","Model provincial disruptor."
"bari","Bari",time,-0.3,0.3,no,-0.06,,,"The Serie A years, Italia 90.","2026 as Serie C."
"bari","Bari",philosophy,0.3,0,no,0.18,,,"Bari first.","Not going to C, which they just did. Neither pole."
"bologna","Bologna FC",time,0.3,0.3,no,0.30,,,"1909 as the name.","Modern revival layered on an old power."
"bologna","Bologna FC",philosophy,0.3,0.3,no,0.30,,,"City and supporters first.","Thoughtful historic club."
"cagliari","Cagliari Calcio",time,-0.3,-0.3,no,-0.30,,,"1920 foundation and the 1970 night.","1970 as the peak the present still answers to."
"cagliari","Cagliari Calcio",philosophy,0.3,0.3,no,0.30,,,"Sardinia first.","Endurance of distance."
"como","Como 1907",time,0.3,0.6,no,0.42,,,"Historic club plus a rebuilt future.","The useful present starts with the rebuild."
"como","Como 1907",philosophy,0.3,0.6,no,0.42,,,"More than a century of history as the claim.","The project is the philosophy."
"empoli","Empoli",time,-0.3,0,yes,-0.30,,,"Time is the Serie A habit.",""
"empoli","Empoli",philosophy,-0.6,-0.3,no,-0.48,,,"Philosophy: develop, sell, stay.","The develop-sell-stay philosophy failed the last stay."
"fiorentina","ACF Fiorentina",time,-0.3,-0.3,no,-0.30,,,"Purple as inherited civic colour.","Franchi and the purple as the durable past."
"fiorentina","ACF Fiorentina",philosophy,0.3,0.3,no,0.30,,,"Florentine first.","Pride clearer than a tactical school."
"frosinone","Frosinone Calcio",time,0,0.3,no,0.30,,,"","A club built around representing a provincial city."
"frosinone","Frosinone Calcio",philosophy,0,0.3,no,0.30,,,"","Adaptive provincial club."
"genoa","Genoa CFC",time,0,-0.6,no,-0.60,,,"","1893 as the unanswerable date."
"genoa","Genoa CFC",philosophy,0,0.3,no,0.30,,,"","Identity rests on history."
"hellas-verona","Hellas Verona",time,-0.3,0.3,no,-0.06,,,"1985.","The latest relegation as 2026."
"hellas-verona","Hellas Verona",philosophy,0.3,-0.3,no,0.06,,,"Verona first.","Whoever owns the deed this cycle."
"inter-milan","Inter Milan",time,0.3,0.3,no,0.30,,,"1908 founding principle kept in the name.","International in the name, Milan in the derby."
"inter-milan","Inter Milan",philosophy,0.3,0.3,no,0.30,,,"International and accessible.","Cosmopolitan story, tribal practice."
"juventus","Juventus",time,0.3,0.3,no,0.30,,,"Built in Turin, named for youth.","Sanctions and renewal as the modern chapter."
"juventus","Juventus",philosophy,-0.6,-0.3,no,-0.48,,,"Competitiveness at the highest level under long-term Agnelli/Exor stewardship.","Adaptive under a fixed winning demand."
"lazio","SS Lazio",time,0,-0.3,no,-0.30,,,"","Tradition-conscious in the pre-Roma foundation; modern identity inseparable from two decades of Lotito."
"lazio","SS Lazio",philosophy,0,0.3,no,0.30,review,,"","Adaptive; tension between Lotito's controlled ownership and supporters' expectation."
"lecce","US Lecce",time,0,-0.3,no,-0.30,,,"","A regional club with a baroque-city ground."
"lecce","US Lecce",philosophy,0,0.3,no,0.30,,,"","Southern pride as the fixed idea."
"monza","AC Monza",time,0.6,0.6,no,0.60,,,"A long lower-division life before the rise.","2018 as the real present."
"monza","AC Monza",philosophy,0.3,0.6,no,0.42,,,"City club in a new chapter.","The project is the philosophy."
"napoli","SSC Napoli",time,-0.3,-0.3,no,-0.30,,,"Maradona era as inherited time.","Two peaks as the outside file."
"napoli","SSC Napoli",philosophy,0.3,0.3,no,0.30,,,"City identity as the fixed idea.","Civic-southern more than a tactical doctrine."
"palermo","Palermo",time,-0.3,0.3,no,-0.06,,,"1900, the Barbera.","The City years as the living present."
"palermo","Palermo",philosophy,0.3,-0.6,no,-0.06,,,"Sicily.","CFG, translated into pink."
"parma","Parma Calcio",time,-0.3,-0.6,no,-0.42,,,"The cross as city heritage.","1990s as the file the world kept."
"parma","Parma Calcio",philosophy,0.3,0.3,no,0.30,,,"Heritage and community.","Rebuild more than a school."
"roma","AS Roma",time,-0.6,-0.3,no,-0.48,,,"She-wolf and foundation mythology.","1927 as the capital answer to the north."
"roma","AS Roma",philosophy,0.3,0.3,no,0.30,,,"Rome first.","Civic passion as philosophy."
"sampdoria","Sampdoria",time,-0.3,0.3,no,-0.06,,,"1991.","The fall as the living era."
"sampdoria","Sampdoria",philosophy,0.3,-0.3,no,0.06,,,"The hoop.","Staying professional."
"sassuolo","US Sassuolo",time,0.6,0.6,no,0.60,,,"Rise from regional football as the living present.","The rise is the history that counts."
"sassuolo","US Sassuolo",philosophy,-0.3,-0.3,no,-0.30,,,"Progress through work.","Corporate method."
"torino","Torino FC",time,-0.6,-0.6,no,-0.60,,,"Superga and annual remembrance.","1949 as the clock."
"torino","Torino FC",philosophy,0.6,0.3,no,0.48,,,"Grande Torino as the fixed principle.","Remembrance as philosophy."
"udinese","Udinese Calcio",time,0.3,0.3,no,0.30,,,"History plus modernity.","Modern scouting as the living present."
"udinese","Udinese Calcio",philosophy,-0.3,-0.3,no,-0.30,,,"Development as the idea.","Scouting as philosophy."
"venezia","Venezia FC",time,0.3,0.3,no,0.30,,,"1907 origin preserved.","Tradition-conscious and radically modern."
"venezia","Venezia FC",philosophy,0.3,0.6,no,0.42,,,"Art, Venice and community.","Contemporary design and investment culture reinvent the club."
"vicenza","Vicenza",time,-0.3,0,no,-0.18,,,"The Serie A years.","B as the present. Neither pole."
"vicenza","Vicenza",philosophy,0.3,0,no,0.18,,,"The city.","No exportable idea."
"arminia-bielefeld","Arminia Bielefeld",time,-0.3,0.3,no,-0.06,,,"1905, 1926 Alm; old name back on the roof for a day.","The useful present starts in 2017, when the region bought the pitch."
"arminia-bielefeld","Arminia Bielefeld",philosophy,0.3,0.3,no,0.30,,,"Member club plus the Bündnis, not an investor.","Survival with local capital in the walls."
"bayer-leverkusen","Bayer Leverkusen",time,0.6,0.6,no,0.60,review,,"Bayer heritage as a foundation for innovation and future-oriented football.","Industrial heritage and modern sporting science; traditional only in the corporate origin."
"bayer-leverkusen","Bayer Leverkusen",philosophy,-0.3,-0.3,no,-0.30,,,"Work, innovation and football quality as stable principles.","Adaptive; more committed to effectiveness than one fixed ideological style."
"bayern-munich","Bayern Munich",time,0.3,0.3,no,0.30,,,"Protect heritage while investing in modern sporting and stadium infrastructure.","Converts tradition into commercial power without surrendering familiar symbols."
"bayern-munich","Bayern Munich",philosophy,0.3,-0.3,no,0.06,,,"Excellence and Bayern identity are fixed; the footballing method can evolve.","Highly adaptable; ideological loyalty matters less than institutional dominance."
"borussia-dortmund","Borussia Dortmund",time,0,0.3,no,0.30,,,"","Tension between the standing terrace and commercial exploitation of the Yellow Wall image."
"borussia-dortmund","Borussia Dortmund",philosophy,0.3,0,yes,0.30,,,"Echte Liebe, attacking intent and closeness to supporters are stable.",""
"borussia-monchengladbach","Borussia Mönchengladbach",time,-0.3,-0.6,no,-0.42,,,"Protects Fohlen heritage while operating a modern stadium.","Borussia-Park as infrastructure renewal; longing for Bökelberg intimacy."
"borussia-monchengladbach","Borussia Mönchengladbach",philosophy,0.3,0,yes,0.30,,,"Youthful courage, technical quality and Lower Rhine identity.",""
"darmstadt-98","SV Darmstadt 98",time,-0.3,0.3,no,-0.06,,,"1898, the lily through every shirt era.","The useful present is Fritsch infrastructure and the Kohfeldt team."
"darmstadt-98","SV Darmstadt 98",philosophy,0.3,0.3,no,0.30,,,"Member club, 50+1 restated by Pfitzner, multi-sport e.V.","Fritsch built the concrete; Pfitzner lives in it without the same patronage aura."
"dynamo-dresden","Dynamo Dresden",time,-0.6,-0.6,no,-0.60,,,"1953, Fritzsch, the eight stars that are not Bundesliga stars.","Reunification: a club that dominated a closed league could not live in an open one."
"dynamo-dresden","Dynamo Dresden",philosophy,0.3,0.3,no,0.30,,,"Member club, black-yellow, eastern.","No fixed playing idea; a fixed story about the East."
"eintracht-braunschweig","Eintracht Braunschweig",time,-0.6,-0.6,no,-0.60,,,"1895, lion restored.","The useful past is 1967 and 1973."
"eintracht-braunschweig","Eintracht Braunschweig",philosophy,-0.3,0,yes,-0.30,,,"Never again dependent on one company, the line after Mast.",""
"eintracht-frankfurt","Eintracht Frankfurt",time,-0.3,0.3,no,-0.06,,,"Eagle restored for the 1999 centenary; multi-sport departments guarded.","The stadium name is modern and sold."
"eintracht-frankfurt","Eintracht Frankfurt",philosophy,0.3,0.3,no,0.30,,,"Member club, attacking football, Haltung zeigen.","Philosophy is cultural more than tactical; coaches are disposable, the curva is not."
"elversberg","SV Elversberg",time,0.6,0.6,no,0.60,,,"Forward-looking modern methods rather than an old elite history.","Little top-flight heritage; identity necessarily future-built."
"elversberg","SV Elversberg",philosophy,-0.6,-0.3,no,-0.48,,,"The playing style is bigger than everything; must play the Elversberg way.","Unusual and admirable for a newly promoted club; can it withstand elite competition?"
"energie-cottbus","Energie Cottbus",time,-0.3,-0.3,no,-0.30,,,"1966, the plants, the 2000 rise, the 2026 return.","Reunification as deindustrialisation; promotion as proof the region still exists."
"energie-cottbus","Energie Cottbus",philosophy,0.3,-0.3,no,0.06,,,"Not here to say hello. Lemke's line after promotion.","Survive first, dream second."
"fc-augsburg","FC Augsburg",time,-0.3,0.3,no,-0.06,,,"1907 on the badge, Fugger history on a 2026 special shirt.","The useful football past is short; the Renaissance is borrowed civic furniture."
"fc-augsburg","FC Augsburg",philosophy,-0.3,-0.3,no,-0.30,,,"Stay in the league, stay Augsburg.","No Finke-style school; coaches hired to keep the thing afloat."
"fc-koln","FC Köln",time,-0.3,-0.3,no,-0.30,,,"Preserves carnival, goat and cathedral symbolism.","Civic traditions visible; heritage can look like a comfort blanket in decline."
"fc-koln","FC Köln",philosophy,0.3,0.3,no,0.30,,,"Cologne identity, member participation and emotional commitment are fixed.","A strong social philosophy but not a consistently stable sporting plan."
"greuther-furth","Greuther Fürth",time,-0.6,-0.6,no,-0.60,,,"1903, three titles, the clover.","The Greuther prefix is the modern scar; the titles are a century old."
"greuther-furth","Greuther Fürth",philosophy,0.3,0.3,no,0.30,,,"Kleeblatt first.","Philosophy is the derby. Everything else is survival."
"hamburger-sv","Hamburger SV",time,-0.6,-0.6,no,-0.60,,,"The 1887 date, the Raute and the Volkspark name are guarded.","The dinosaur tag stuck because the club behaved as if 1983 were last Tuesday."
"hamburger-sv","Hamburger SV",philosophy,0.3,0,yes,0.30,,,"Determination, passion and mutual respect as the path after promotion.",""
"hannover-96","Hannover 96",time,-0.3,0.6,no,0.06,,,"1896, red, Niedersachsenstadion.","Modern in the worst way: naming rights, investor law, court dates."
"hannover-96","Hannover 96",philosophy,0.6,0.3,no,0.48,,,"50+1 is the philosophy.","The holding-company philosophy and the curva philosophy have not been the same thing for twenty years."
"heidenheim","1. FC Heidenheim",time,0.3,-0.3,no,0.06,,,"1846 on the badge, 2007 as the real start, Schmidt as the clock.","Governance is deliberately old-fashioned."
"heidenheim","1. FC Heidenheim",philosophy,-0.3,0.3,no,-0.06,,,"One coach, one board, no panic.","The philosophy is the men; the idea must outlive Schmidt."
"hertha-bsc","Hertha BSC",time,-0.6,0.6,no,-0.12,,,"1892, Plumpe, two championships, the Wall years as West Berlin's team.","Modernising by selling itself, then trying to un-sell itself."
"hertha-bsc","Hertha BSC",philosophy,0.3,0.3,no,0.30,,,"Member club that wants its company back.","Philosophy changed with each owner. 50+1 held the door; the money walked through it."
"hoffenheim","TSG Hoffenheim",time,0.6,0.6,no,0.60,review,,"Looks forward: science, youth, sustainability and modern training.","Limited historic depth at elite level; future-facing by necessity."
"hoffenheim","TSG Hoffenheim",philosophy,-0.3,-0.3,no,-0.30,,,"Innovation and development are enduring principles.","More institutional than supporter-led: facilities, methodology and owner vision."
"holstein-kiel","Holstein Kiel",time,-0.3,0.3,no,-0.06,,,"1900, 1912, 1911 ground, 125-year kits.","Modernising the brand and the stands at once."
"holstein-kiel","Holstein Kiel",philosophy,0.3,0.3,no,0.30,,,"Kiel, storks, the north.","Philosophy is geography more than a playing idea."
"kaiserslautern","1. FC Kaiserslautern",time,-0.3,0.3,no,-0.06,,,"1900, Walter, 1998; a 2025 redesign claims tradition is a foundation.","Modernising the logo while the last title recedes."
"kaiserslautern","1. FC Kaiserslautern",philosophy,0.3,0.3,no,0.30,,,"Betze first, design second, investors as helpers not owners.","Philosophy is the hill. Governance is a compromise with Saar-Pfalz-Invest and a US sliver."
"karlsruher-sc","Karlsruher SC",time,0.3,0.3,no,0.30,,,"1894 / 1952, Wildpark rebuilt as a football house.","The useful present starts when they almost died and chose not to sell the vote."
"karlsruher-sc","Karlsruher SC",philosophy,-0.3,-0.3,no,-0.30,,,"Member control, local beer, local ground.","A cautious modernisation that asked the fans first."
"magdeburg","1. FC Magdeburg",time,-0.6,-0.6,no,-0.60,,,"1965, 1974, 60 years celebrated in 2025.","Reunification: a district side that could beat Milan could not beat the market."
"magdeburg","1. FC Magdeburg",philosophy,0.3,0.3,no,0.30,,,"Member club, tradition as the reason the lights stayed on.","Tradition first, project second."
"mainz-05","Mainz 05",time,0,-0.3,no,-0.30,,,"","Modernising quietly; carnival is the tradition that cannot be dropped."
"mainz-05","Mainz 05",philosophy,0.3,0.3,no,0.30,,,"The Mainzer Weg is not supposed to change with the table.","The pathway is stable; the first-team coach is not."
"nurnberg","1. FC Nürnberg",time,-0.6,-0.3,no,-0.48,,,"1900, nine titles, 125 years.","Modernising the trading desk and arguing over a stadium it will never own."
"nurnberg","1. FC Nürnberg",philosophy,0.3,0.3,no,0.30,,,"Member club, Franconian, still Der Club.","Philosophy flexes with the market; the name does not."
"rb-leipzig","RB Leipzig",time,0.6,0.6,no,0.60,,,"Future orientation: innovation, youth and a new football era.","Lacks inherited memories and supporter sovereignty that give older clubs temporal depth."
"rb-leipzig","RB Leipzig",philosophy,-0.3,-0.6,no,-0.42,,,"High energy, youth, innovation and ambition are stable principles.","The most systematised German club; philosophy inseparable from Red Bull's corporate logic."
"sc-freiburg","SC Freiburg",time,0,0.3,no,0.30,,,"","The useful past is short: Finke, Streich, the new stadium."
"sc-freiburg","SC Freiburg",philosophy,-0.3,-0.3,no,-0.30,,,"Konzept statt Heroenfussball, still.","Schuster hired to preserve, not to invent."
"sc-paderborn-07","SC Paderborn 07",time,-0.3,0.3,no,-0.06,,,"1907, the Dom, the Three Hares, Finke's name on the south stand.","Only the last twenty years count in the football conversation."
"sc-paderborn-07","SC Paderborn 07",philosophy,0.3,0.3,no,0.30,,,"Mit Herzblut. Fußball. Stay among the country's first thirty clubs.","Find an unknown coach and let him run hot."
"schalke-04","Schalke 04",time,-0.3,-0.6,no,-0.42,,,"Guard mining heritage and supporter ritual while seeking a modern sustainable future.","Caught between industrial past and a Ruhr that no longer sustains its football power."
"schalke-04","Schalke 04",philosophy,0.6,0.3,no,0.48,review,,"Schalke sein: commitment to royal blue, Gelsenkirchen and the supporter base.","Emotional identity fixed; sporting philosophy repeatedly shifted in crisis."
"st-pauli","FC St. Pauli",time,0,0,yes,0.00,,,"",""
"st-pauli","FC St. Pauli",philosophy,0.6,0.6,no,0.60,,,"Member club, no investors, 50+1 fought for on every level.","Philosophy is famous and expensive; identity versus the transfer market is a tightrope."
"union-berlin","Union Berlin",time,-0.3,0.3,no,-0.06,,,"Guard the Alte Försterei, supporter traditions and East Berlin history.","Whether modernization can occur without turning authenticity into a product."
"union-berlin","Union Berlin",philosophy,0.6,0.3,no,0.48,,,"Solidarity, effort and community ownership are fixed.","Social philosophy unusually firm; financial demands may force adaptation."
"vfb-stuttgart","VfB Stuttgart",time,-0.3,0.3,no,-0.06,,,"1893 on the wordmark, Concordia type from the founding hotel, crest untouched.","The motto change admits furchtlos und treu could not be cleaned."
"vfb-stuttgart","VfB Stuttgart",philosophy,0.3,0.3,no,0.30,review,,"Verein für Bewegungsspiele, now written as Zusammen voran.","Continuity of the Hoeneß project more than a century-old school."
"vfl-bochum","VfL Bochum",time,-0.3,0.3,no,-0.06,,,"1848, 1970s Wüst, 2026–29 works.","Modernising the concrete so the 1970s feeling can continue."
"vfl-bochum","VfL Bochum",philosophy,0.3,0.3,no,0.30,,,"The street, the beer, the member club.","Philosophy is location. Everything else flexes."
"vfl-osnabruck","VfL Osnabrück",time,-0.6,0.3,no,-0.24,,,"1899, the Brücke as a century of the same hill.","Modernising under a city owner so the old face survives."
"vfl-osnabruck","VfL Osnabrück",philosophy,0.3,0.3,no,0.30,,,"Keep the pylons, keep the purple, keep the song.","Philosophy is the ground. The team flexes around it."
"werder-bremen","Werder Bremen",time,-0.3,-0.3,no,-0.30,,,"125th-anniversary kits and a 2026 brand system built on the 1924 W.","Tradition is the product; modernising is allowed if it still looks like Werder."
"werder-bremen","Werder Bremen",philosophy,0.3,0.3,no,0.30,,,"Don't reinvent Werder, make Werder visible.","The philosophy holds as culture more than as a tactical school; coaches change, the diamond does not."
"wolfsburg","VfL Wolfsburg",time,0.3,0.3,no,0.30,,,"1945 and the restored battlement crest.","The useful past starts in 1997. The Nazi-era town foundation is the sentence traditionalists never omit."
"wolfsburg","VfL Wolfsburg",philosophy,0.3,0.6,no,0.42,,,"Works club as identity, not as apology.","The philosophy is Volkswagen's. When the car year is bad, the football year follows."
"angers","Angers SCO",time,-0.3,0.3,no,-0.06,,,"1919, 2011 Chabane, Kopa as the inherited name.","2011 as the living present."
"angers","Angers SCO",philosophy,0.3,0.3,no,0.30,,,"Hold as long as we can.","Austerity with a local name on the deed."
"auxerre","AJ Auxerre",time,-0.6,-0.3,no,-0.48,,,"1905, Roux, the Abbé's field.","2016 Zhou as the living capital; 1996 as the ghost."
"auxerre","AJ Auxerre",philosophy,-0.3,0.3,no,-0.06,,,"Own the ground, grow the ground, do not live only on Zhou.","Small-town ownership of bricks plus a distant majority."
"brest","Stade Brestois 29",time,0.3,0.3,no,0.30,,,"1950, 2016 Le Saint, 2023–26 Roy.","Europe as a chapter that may close the local-owner chapter."
"brest","Stade Brestois 29",philosophy,-0.3,0.3,no,-0.06,,,"Local owners, Breton port, no debt theatre.","Philosophy is being tested by the Ligue 1 economy."
"le-havre","Le Havre AC",time,-0.6,0.3,no,-0.24,,,"1872 as the unanswerable date.","2012 as the ground, 2025 as the owner."
"le-havre","Le Havre AC",philosophy,0.3,0.3,no,0.30,,,"Stay in the elite, keep Ciel et Marine.","Philosophy is whoever owns the doyen this decade."
"le-mans","Le Mans FC",time,0.6,0.6,no,0.60,,,"The return as year zero of the brand.","2013 liquidation as the real zero; 2025–26 as the acceleration."
"le-mans","Le Mans FC",philosophy,0.3,0.6,no,0.42,,,"Meaningful project, not a toy.","OutField's sports-brand thesis applied to a dead-and-risen provincial club."
"lens","RC Lens",time,-0.6,0.3,no,-0.24,,,"1906, the pits, Bollaert as monument.","Modernising the commercial year around a listed terrace."
"lens","RC Lens",philosophy,-0.3,0.3,no,-0.06,,,"Identity first, infrastructure second.","Oughourlian plus the pit. EEP is a tool."
"lille","Lille OSC",time,0.3,0.6,no,0.42,,,"1944, Seydoux, 2021, the Merlyn present.","Time starts when Elliott forced the sale. Everything before is the debt."
"lille","Lille OSC",philosophy,-0.3,-0.3,no,-0.30,,,"Sustainability as identity.","A Luxembourg fund's idea of a well-run French club. It works. It does not sing like Bollaert."
"lorient","FC Lorient",time,0.3,0.6,no,0.42,,,"1926, 2009 Féry, 2026 Foley as a new chapter of the same book.","2026 as the year the book changed language."
"lorient","FC Lorient",philosophy,-0.3,0.6,no,0.06,review,,"ADN and the link to the territory, written into the sale note.","Philosophy is now BKFC's, translated into Merlus."
"lyon","Olympique Lyonnais",time,0.3,0.3,no,0.30,,,"Aulas time as the golden past; Kang time as the attempt to have a future.","2022–25 as the wasted present."
"lyon","Olympique Lyonnais",philosophy,0.3,0.6,no,0.42,,,"Back to being OL Groupe, not Eagle.","Philosophy died when the club became a node."
"marseille","Olympique de Marseille",time,-0.6,0.3,no,-0.24,,,"1899, 1993, the Vélodrome as a century.","McCourt time is 2016–present and running out of credit in the virages."
"marseille","Olympique de Marseille",philosophy,0.6,0.3,no,0.48,,,"Droit au but.","Philosophy is the stands. The board changes."
"monaco","AS Monaco",time,0.3,0.6,no,0.42,,,"1924, 2011, 2017.","2011 as year zero of the current club."
"monaco","AS Monaco",philosophy,-0.3,0.3,no,-0.06,,,"First rank of Ligue 1, Europe every year that can be forced.","The palace's idea of a respectable investor."
"montpellier","Montpellier HSC",time,0.3,0.6,no,0.42,,,"2012.","2025 as the new zero."
"montpellier","Montpellier HSC",philosophy,0.3,0.3,no,0.30,,,"The family.","Ligue 2 maths."
"nantes","FC Nantes",time,-0.6,0.3,no,-0.24,,,"The 1960s–90s school.","The Kita years as the living present."
"nantes","FC Nantes",philosophy,-0.6,0.3,no,-0.24,,,"The Nantes way.","The way is a museum."
"nice","OGC Nice",time,-0.3,0.6,no,0.06,,,"1904, Le Gym.","2019 as the real present."
"nice","OGC Nice",philosophy,0.3,0.6,no,0.42,,,"A new chapter, same owner.","Philosophy follows Ratcliffe's diary."
"paris-fc","Paris FC",time,0.3,0.6,no,0.42,,,"1969, the long wait, 2025 as the return.","Time starts with Agache."
"paris-fc","Paris FC",philosophy,0.3,0.6,no,0.42,,,"Another spectacle of football in Paris.","Brand adjacency to LVMH and a minority that knows how to run a multi-club farm."
"psg","Paris Saint-Germain",time,0.3,0.6,no,0.42,,,"1970 plus a French-flag reset.","Time starts in 2011. Everything before is preamble."
"psg","Paris Saint-Germain",philosophy,0.3,0.6,no,0.42,,,"Paris first, football identity after 2024.","Philosophy is QSI. The coach is the current instrument."
"rennes","Stade Rennais",time,-0.3,0.6,no,0.06,,,"1901, 125 years, the academy present.","1998 as the real founding, the year Pinault arrived."
"rennes","Stade Rennais",philosophy,-0.3,0.6,no,0.06,,,"Breton and Rennais, academy first.","Artémis first. The ermine is the language the luxury house chose."
"saint-etienne","Saint-Étienne",time,-0.6,0,yes,-0.60,,,"Time is the golden decade.",""
"saint-etienne","Saint-Étienne",philosophy,0,0,yes,0.00,,,"",""
"strasbourg","RC Strasbourg Alsace",time,0.3,0.6,no,0.42,,,"1906, 1979 title, 2011 death, 2023 money.","Time splits at the BlueCo sale."
"strasbourg","RC Strasbourg Alsace",philosophy,0.3,0.6,no,0.42,,,"Keller as the local veto.","Keller as BlueCo's spokesman."
"toulouse","Toulouse FC",time,0.3,0.6,no,0.42,,,"1970, 2001, 2023.","2020 as the living present."
"toulouse","Toulouse FC",philosophy,-0.3,0.6,no,0.06,,,"Permanence in Ligue 1, a performance centre on the Île du Ramier.","Philosophy is RedBird's, paused when UEFA knocks."
"troyes","ESTAC Troyes",time,0.3,0.6,no,0.42,,,"1986, the Aube, the present project.","2020 as the real founding."
"troyes","ESTAC Troyes",philosophy,0.3,0.6,no,0.42,,,"Local identity, group structure.","Philosophy is CFG. Troyes is the French sentence of it."
"ajax","Ajax",time,-0.3,0.3,no,-0.06,,,"1900, Cruyff, the factory.","The listed years as the living present."
"ajax","Ajax",philosophy,-0.6,0.3,no,-0.24,,,"Fixed.","Fixed in speech, fluid in the boardroom."
"feyenoord","Feyenoord",time,-0.3,0.3,no,-0.06,,,"De Kuip as the inherited house.","The rescue as the living present."
"feyenoord","Feyenoord",philosophy,0.3,0.3,no,0.30,,,"Hand in Hand.","Rescue more than a school."
"psv","PSV Eindhoven",time,0.3,0.3,no,0.30,,,"Philips as inherited time.","The mid-2020s hegemony as the present."
"psv","PSV Eindhoven",philosophy,-0.3,-0.3,no,-0.30,,,"The structure.","The most administered of the three."
"celtic","Celtic FC",time,-0.6,0,no,-0.36,,,"1887, 1967, Walfrid's statue. The 111th anniversary still a homepage story in 2026.","The plc years as the living machine; 2025 as the founding marched back to the door. Both directions."
"celtic","Celtic FC",philosophy,0.6,-0.3,no,0.24,,,"The club is the community that founded it.","A listed company with a billionaire shadow and a chairman who told fans to behave."
"rangers","Rangers FC",time,-0.6,0,no,-0.36,,,"1872 without a break. No asterisk on 55.","31 October 2012 as the date the plc died. Whether the club died with it is the whole fight."
"rangers","Rangers FC",philosophy,0.3,0,no,0.18,,,"Continuity. The mosaics, the Trophy Room, Club 1872's heritage money.","Philosophy is the 2012 sentence, restated every Old Firm week, now on a San Francisco letterhead."
"olympiacos","Olympiacos FC",time,0,0.6,no,0.24,,,"1925, 2010, 2024, the new Karaiskakis. Both directions.","2010 as year zero of the current empire."
"olympiacos","Olympiacos FC",philosophy,0,-0.3,no,-0.12,,,"One united Olympiacos, football and the other sports. No lean stated.","Philosophy is the owner."
"panathinaikos","Panathinaikos",time,-0.6,0.3,no,-0.24,,,"1908, 1971.","The post-crash years as the living present."
"panathinaikos","Panathinaikos",philosophy,0.3,0,no,0.18,,,"The oldest Athens idea.","Survival with dignity."
"dinamo-zagreb","GNK Dinamo Zagreb",time,-0.6,0,no,-0.36,,,"1945 name-day, 2000 Valentine, 1990 afternoon. The three dates are the calendar.","Mamić as the missing decade; September 2025 as the attempt to close it. Both directions."
"dinamo-zagreb","GNK Dinamo Zagreb",philosophy,0.6,-0.3,no,0.24,,,"Dinamo is Zagreb. The name is the philosophy.","Philosophy is whoever holds the statute."
"slavia-prague","SK Slavia Praha",time,-0.3,0.6,no,0.06,,,"1896, Eden.","CITIC-era professionalisation as the living present."
"slavia-prague","SK Slavia Praha",philosophy,0.3,-0.6,no,-0.06,,,"Slavia as a civic club.","Philosophy is now a ticketing app."
"besiktas","Beşiktaş",time,-0.3,0.3,no,-0.06,,,"1903.","The rebuilt house as the present."
"besiktas","Beşiktaş",philosophy,0.3,0.3,no,0.30,,,"The street.","The street as philosophy."
"fenerbahce","Fenerbahçe",time,-0.3,0.3,no,-0.06,,,"1907.","Koç ended 25 September 2025; Saran took the chair."
"fenerbahce","Fenerbahçe",philosophy,0.3,0.3,no,0.30,,,"The neighbourhood as a country.","Changes chairs more loudly than climate."
"galatasaray","Galatasaray",time,-0.3,0.3,no,-0.06,,,"1905, 2000.","Rams Park replaced old Ali Sami Yen."
"galatasaray","Galatasaray",philosophy,0.3,0.3,no,0.30,,,"The school and the 26.","Default champion."
