name,win_pct_random,win_pct_desirable,mean_abs_blend,self_evidence,others_evidence,confidence
AFC Wimbledon,0.0500,0.2750,0.4700,9,10,1
Arsenal,0.4000,0.0250,0.3700,12,11,1
Aston Villa,1.0750,0.0000,0.2700,9,10,1
Barnsley,0.3000,0.0500,0.3550,2,8,0.6
Birmingham City,0.1250,0.1500,0.3050,9,8,1
Blackburn Rovers,0.3000,0.0750,0.2900,9,9,1
Blackpool,0.2250,1.4500,0.2800,9,9,1
Bolton Wanderers,0.1250,0.7000,0.3400,9,9,1
AFC Bournemouth,0.8250,0.0000,0.2750,10,10,1
Bradford City,0.0750,2.4750,0.3600,10,9,1
Brentford,0.4750,0.0000,0.3533,12,11,1
Brighton & Hove Albion,0.3500,0.0000,0.3300,12,11,1
Bristol City,0.1750,0.0000,0.3500,11,11,1
Bromley,0.2500,0.0000,0.4250,0,11,0.6
Burton Albion,0.2250,0.0000,0.3800,5,11,1
Cambridge United,0.1750,2.5000,0.3500,10,10,1
Charlton Athletic,0.0500,0.8000,0.4250,12,11,1
Chelsea,0.1000,0.0000,0.4150,12,11,1
Coventry City,0.0750,0.0000,0.3700,10,11,1
Crystal Palace,0.0000,0.0000,0.2950,10,7,1
Derby County,0.1000,0.2000,0.4250,12,11,1
Doncaster Rovers,0.1750,1.1750,0.3450,9,7,1
Everton,0.0000,0.0250,0.4500,11,11,1
Fulham,0.5750,0.2000,0.3500,10,8,1
Huddersfield Town,0.0500,0.0250,0.3000,0,9,0.6
Hull City,0.1500,0.1500,0.3700,9,7,1
Ipswich Town,0.3750,0.0000,0.2650,11,12,1
Leeds United,0.3500,1.1000,0.3300,11,9,1
Leicester City,1.2000,0.0000,0.4000,0,12,0.6
Leyton Orient,0.0250,0.0000,0.4000,8,11,1
Lincoln City,0.3750,3.3500,0.3800,11,12,1
Liverpool,0.2750,0.0500,0.3550,12,11,1
Luton Town,0.0250,2.4750,0.4450,8,12,1
Manchester City,0.2750,0.0000,0.4617,12,11,1
Manchester United,0.4000,0.1000,0.3800,10,9,1
Mansfield Town,0.5750,0.0000,0.3400,3,10,1
Middlesbrough,0.0500,0.0250,0.4000,10,8,1
Millwall,0.0250,0.0750,0.4300,12,10,1
Milton Keynes Dons,0.7750,0.0000,0.2800,9,6,1
Newcastle United,0.1000,0.0000,0.2783,11,11,1
Norwich City,0.2250,0.2750,0.3800,11,10,1
Nottingham Forest,0.3750,0.0000,0.3000,11,9,1
Notts County,1.3500,0.3750,0.3500,0,9,0.6
Oxford United,0.4250,0.0000,0.2650,9,8,1
Peterborough United,1.2000,0.0000,0.4000,0,11,0.6
Plymouth Argyle,0.0000,0.0500,0.4000,7,10,1
Portsmouth,0.0250,0.0000,0.4100,12,10,1
Preston North End,3.3250,1.1500,0.3000,0,9,0.6
Queens Park Rangers,0.1500,0.0750,0.3900,1,9,1
Reading,0.0250,0.1750,0.3450,9,10,1
Sheffield United,0.1750,0.6750,0.3900,12,10,1
Sheffield Wednesday,0.0500,1.0500,0.3600,9,9,1
Stevenage,0.2500,0.0000,0.4250,10,11,1
Stockport County,0.0500,0.0500,0.3750,9,11,1
Stoke City,0.4750,0.6500,0.4000,0,11,0.6
Sunderland,0.0500,0.2000,0.4050,12,12,1
Swansea City,1.0500,1.1000,0.3250,8,11,1
Tottenham Hotspur,0.4500,0.0000,0.3400,12,11,1
Watford,0.0500,0.0000,0.3350,7,11,1
West Bromwich Albion,0.3000,0.1500,0.3700,11,11,1
West Ham United,0.0750,0.0250,0.3700,12,9,1
Wigan Athletic,0.1750,0.0000,0.2750,0,8,0.6
Wycombe Wanderers,0.3750,0.7750,0.3350,9,10,1
Cardiff City,0.0750,0.3500,0.2650,10,10,1
Deportivo Alavés,0.1250,0.0250,0.3350,12,12,1
Athletic Club,0.0750,0.9500,0.5283,12,12,1
Atlético Madrid,0.2250,0.0000,0.2350,12,12,1
FC Barcelona,0.4750,0.0000,0.3733,12,12,1
Celta Vigo,0.3750,1.1500,0.2650,12,12,1
Deportivo La Coruña,0.0250,0.5500,0.3250,12,12,1
Elche CF,0.0250,0.7250,0.3350,12,12,1
RCD Espanyol,0.2250,0.5250,0.3150,12,12,1
Getafe CF,0.3000,0.0000,0.4200,12,12,1
Girona,1.5750,0.0000,0.3483,8,12,0.6
Granada CF,0.5000,0.0000,0.3450,11,11,0.6
UD Las Palmas,2.3250,1.7000,0.3150,12,12,0.6
Levante UD,0.1750,0.2000,0.3750,12,12,1
Málaga CF,0.2250,0.0000,0.2650,12,12,1
RCD Mallorca,0.1000,0.0000,0.3500,11,10,0.6
CA Osasuna,0.1000,0.0750,0.3400,12,12,1
Racing Santander,0.0000,0.2250,0.4500,12,12,1
Rayo Vallecano,0.0250,0.4000,0.4800,12,12,1
Real Betis,0.3000,0.5500,0.3450,12,12,1
Real Madrid,1.2750,0.0000,0.4450,12,12,1
Real Sociedad,0.7750,0.4750,0.3000,12,12,1
Real Valladolid,0.0250,0.0000,0.3350,11,11,0.6
Sevilla FC,0.3500,0.0000,0.3150,12,12,1
Valencia CF,0.1000,0.1500,0.3250,12,11,1
Villarreal CF,1.0250,0.0000,0.2900,12,12,1
AC Milan,0.3500,0.0250,0.3300,10,11,1
Atalanta,1.5500,0.1250,0.2450,12,12,1
Bari,1.2000,0.2500,0.2050,12,12,0.6
Bologna FC,0.5000,0.0250,0.2750,12,12,1
Cagliari Calcio,0.0500,0.0000,0.3600,12,12,1
Como 1907,0.2500,0.0000,0.3250,12,12,1
Empoli,1.2500,6.1250,0.4900,11,9,0.6
ACF Fiorentina,0.2750,0.8500,0.3250,12,12,1
Frosinone Calcio,1.5000,0.0250,0.3250,0,12,0.6
Genoa CFC,0.7500,0.2750,0.3750,0,12,0.6
Hellas Verona,0.1250,0.0000,0.3500,12,12,0.6
Inter Milan,0.0750,0.0000,0.3700,12,12,1
Juventus,0.2500,0.0000,0.4517,11,12,1
SS Lazio,0.5500,0.0500,0.3000,0,11,0.6
US Lecce,0.0750,0.0000,0.4500,0,12,0.6
AC Monza,0.1250,0.0000,0.3950,12,12,1
SSC Napoli,0.3000,0.0000,0.2800,9,9,0.6
Palermo,1.2000,0.0000,0.2433,12,12,0.6
Parma Calcio,0.5500,1.3250,0.2550,12,12,1
AS Roma,0.1000,0.0250,0.3600,12,12,1
Sampdoria,4.7000,0.6000,0.2400,12,12,0.6
US Sassuolo,0.3250,0.0000,0.3750,12,12,1
Torino FC,0.0250,0.2250,0.4350,12,12,1
Udinese Calcio,0.6500,0.0750,0.3500,12,12,1
Venezia FC,0.1250,0.0000,0.3983,12,12,1
Vicenza,7.0250,6.0250,0.2450,12,12,0.6
Arminia Bielefeld,0.1750,0.1750,0.3400,11,11,1
Bayer Leverkusen,0.2500,0.0000,0.3683,11,12,1
Bayern Munich,0.5000,0.0000,0.3767,12,12,1
Borussia Dortmund,0.6500,0.2000,0.3150,11,11,1
Borussia Mönchengladbach,0.4500,6.0750,0.3300,12,11,1
SV Darmstadt 98,0.1750,0.0750,0.3500,12,12,1
Dynamo Dresden,0.1000,0.7250,0.3450,12,11,1
Eintracht Braunschweig,0.5000,0.1000,0.3450,11,11,1
Eintracht Frankfurt,1.6750,0.1750,0.3000,12,9,1
SV Elversberg,0.4500,0.0250,0.3500,12,10,1
Energie Cottbus,0.2000,0.0750,0.3350,11,12,1
FC Augsburg,0.5250,0.0000,0.3500,12,11,1
FC Köln,0.0750,0.8000,0.3600,12,11,1
Greuther Fürth,0.2000,1.3750,0.4100,11,11,1
Hamburger SV,1.1000,0.4000,0.2350,12,10,1
Hannover 96,0.0750,0.0000,0.2900,11,10,1
1. FC Heidenheim,1.1750,0.0000,0.2950,11,12,1
Hertha BSC,1.0500,0.2250,0.2350,12,11,1
TSG Hoffenheim,0.9250,0.0250,0.2900,12,12,1
Holstein Kiel,0.9250,7.9000,0.2550,12,11,1
1. FC Kaiserslautern,0.2500,0.0750,0.3450,12,12,1
Karlsruher SC,0.7250,0.7750,0.3600,11,11,1
1. FC Magdeburg,1.6000,5.1250,0.2700,11,11,1
Mainz 05,0.1500,6.2000,0.3850,11,12,1
1. FC Nürnberg,0.0250,0.7000,0.3150,12,12,1
RB Leipzig,0.4750,0.0000,0.3433,12,12,1
SC Freiburg,0.4000,0.1000,0.3450,11,12,1
SC Paderborn 07,0.1500,0.1500,0.2850,12,12,1
Schalke 04,0.0500,0.3250,0.3650,11,11,1
FC St. Pauli,0.1500,3.5500,0.4700,11,9,1
Union Berlin,0.1250,0.2250,0.4100,12,12,1
VfB Stuttgart,0.2250,0.0500,0.2300,12,12,1
VfL Bochum,0.0500,0.0250,0.3450,12,12,1
VfL Osnabrück,0.0250,0.0000,0.3850,12,12,1
Werder Bremen,0.1750,1.1750,0.2650,12,12,1
VfL Wolfsburg,0.5250,0.0000,0.3083,12,12,1
Angers SCO,0.7500,0.2500,0.3050,12,10,1
AJ Auxerre,0.3750,0.4000,0.3250,12,12,1
Stade Brestois 29,0.5500,0.0500,0.2100,12,12,1
Le Havre AC,0.4250,0.0750,0.3400,12,11,1
Le Mans FC,0.1500,0.0000,0.3150,11,10,1
RC Lens,0.1250,0.0500,0.3250,12,12,1
Lille OSC,0.1250,0.0000,0.3100,12,12,1
FC Lorient,0.0000,0.0000,0.2800,10,11,1
Olympique Lyonnais,0.8500,0.0750,0.2750,12,11,1
Olympique de Marseille,0.1000,0.0250,0.3650,12,11,1
AS Monaco,0.9000,0.0000,0.3400,12,12,1
Montpellier HSC,3.5000,0.8750,0.2700,12,10,0.6
FC Nantes,1.2250,0.1000,0.2950,12,12,0.6
OGC Nice,0.1500,0.0000,0.2950,11,11,1
Paris FC,0.6250,0.1000,0.3250,12,11,1
Paris Saint-Germain,0.1000,0.0000,0.4217,12,12,1
Stade Rennais,1.0000,0.1250,0.2000,12,12,1
Saint-Étienne,1.1750,0.0750,0.3850,10,9,0.6
RC Strasbourg Alsace,0.3750,0.0000,0.3200,12,12,1
Toulouse FC,0.3500,0.0000,0.2800,10,12,1
ESTAC Troyes,0.7500,0.0500,0.2950,12,12,1
Ajax,3.3750,0.5250,0.2300,12,12,1
Feyenoord,0.0500,0.0250,0.3000,12,12,1
PSV Eindhoven,2.9000,0.0500,0.3050,12,12,1
Celtic FC,0.5250,0.2250,0.3150,12,12,1
Rangers FC,0.4750,0.0000,0.2750,12,12,1
Olympiacos FC,0.7250,0.0000,0.3233,12,12,1
Panathinaikos,0.8500,0.0750,0.2350,12,12,0.6
GNK Dinamo Zagreb,0.3250,11.6250,0.3750,12,12,1
SK Slavia Praha,2.8250,0.1000,0.1950,12,12,0.6
Beşiktaş,0.0500,0.0000,0.3150,11,12,0.6
Fenerbahçe,0.0500,0.0000,0.2750,12,12,1
Galatasaray,1.4250,0.0000,0.2850,12,12,1
